task_id,status,timestamp
a3d2469f-9395-4d2f-b402-ab1e405e2ef6,pending,2026-01-31 22:03:18
da57f8a1-a17c-49c4-8b55-7426286ca208,pending,2026-01-31 22:03:18
a4fea61a-6efe-401d-a71a-6c001f44bc5c,pending,2026-01-31 22:03:18
967135c7-4b28-4390-83f6-8adaf95a4c58,pending,2026-01-31 22:03:18
741973fe-0c6e-44fd-b17d-565b9975135b,pending,2026-01-31 22:03:18
fb4967b8-75d4-4aad-81ec-41ea1a642f20,pending,2026-01-31 22:03:18
b92fa0fc-d451-4991-b4e7-67b74218db04,pending,2026-01-31 22:03:18
78f9c8b5-89fd-488f-a386-c4c5f480a58c,pending,2026-01-31 22:03:18
edd37743-ed56-4afb-9068-cfb31bbb56f1,pending,2026-01-31 22:03:19
b0f093da-81a1-410b-bccf-f3b2bf0aa152,pending,2026-01-31 22:03:19
ed4181a8-6fdd-403c-94c4-139cf648c865,pending,2026-01-31 22:03:19
39a79c5d-64f5-49a6-a339-181ff1cc7e7b,pending,2026-01-31 22:03:19
765250ff-1072-45d1-b7e2-f4bef4a9b95a,pending,2026-01-31 22:03:19
005ff0da-9ec5-4163-ac6b-3eedd6368b6e,pending,2026-01-31 22:03:19
699c8be4-459b-4e9c-99d3-e8f4ff730d1e,pending,2026-01-31 22:03:19
b5b1bbb7-eaff-4639-bed3-f19d674a50f8,pending,2026-01-31 22:03:19
33e888a1-e888-4482-9951-0e4f6d4ec790,pending,2026-01-31 22:03:19
92ec97fc-9dfc-47fc-9266-af4f0fb6df08,pending,2026-01-31 22:03:19
dc64c170-0083-43be-aa80-4db30e201f56,pending,2026-01-31 22:03:19
0b631428-976e-4820-b9ec-e7b442f62638,pending,2026-01-31 22:03:19
48c3dc86-7b00-419e-aca1-362028b914c9,pending,2026-01-31 22:03:19
6fe2fbbf-2d7e-40d8-9ec6-c176f8d449e9,pending,2026-01-31 22:03:19
782df25d-d2e8-4ce6-86f2-ff8c85eb9902,pending,2026-01-31 22:03:20
73538bc7-4cab-4f8c-9713-9cf16d9b42bb,pending,2026-01-31 22:03:20
2cfa5f05-cb10-4beb-b178-43eb02fc55e8,pending,2026-01-31 22:03:20
a384ae8f-a654-4f8f-aec1-30ae405785d1,pending,2026-01-31 22:03:20
6a8cf110-2c5b-411b-ae6f-2e4c45d0735f,pending,2026-01-31 22:03:20
378e40b8-81b0-4639-8d47-9273d4bb03da,pending,2026-01-31 22:03:20
3c383199-0cbe-4640-aea0-c2430fa5037f,pending,2026-01-31 22:03:20
e861971a-78b3-4416-9027-b63fbbf642b5,pending,2026-01-31 22:03:20
866ca296-0a19-4de9-b1b7-64c81181c251,pending,2026-01-31 22:03:20
ff69993b-8851-48f2-888e-ed35b6ebc954,pending,2026-01-31 22:03:20
996d025e-f7d5-4ce2-b678-a27be467276d,pending,2026-01-31 22:03:20
b9e1c583-cf6d-4aca-88e3-920e1ca212e3,pending,2026-01-31 22:03:20
f73b694c-a041-40d4-9a8f-926ea5e3d620,pending,2026-01-31 22:03:20
baa33e79-fadb-410a-a464-6628469792ec,pending,2026-01-31 22:03:20
81670131-4e11-4ee1-8e2d-ce57962b4156,pending,2026-01-31 22:03:21
0c189769-c2e9-4989-81bd-e67c3226c29c,pending,2026-01-31 22:03:21
e7f6ce71-8d07-49be-832d-4d3f0cf0fce5,pending,2026-01-31 22:03:21
5791483d-48c8-461f-b7e8-f5c26e65ae8e,pending,2026-01-31 22:03:21
80bcc2fd-6e43-443a-ba66-c48ed210d860,pending,2026-01-31 22:03:21
7a681edb-0a33-4431-8651-55f01aba5022,pending,2026-01-31 22:03:21
9ab7f20d-e4aa-4573-a311-4cbefd4cde6e,pending,2026-01-31 22:03:21
b5b2c80b-e1e1-48c4-865c-a83c3465ab97,pending,2026-01-31 22:03:21
8dc0d4c9-14ae-4c6e-b4cb-f2d6e86119db,pending,2026-01-31 22:03:21
d3a01c67-59df-4e6d-81ba-b07a9db3b409,pending,2026-01-31 22:03:21
c92f5fd5-7fe2-4782-8c27-400ea3ffb722,pending,2026-01-31 22:03:21
d5b8791c-bcf0-4cc4-b0b6-78607a220550,pending,2026-01-31 22:03:21
d6606d2f-61e9-4cae-b76d-2c4c1e498f6a,pending,2026-01-31 22:03:21
4f40b8ad-b93a-4a48-a9f2-e68d38091390,pending,2026-01-31 22:03:21
6bea28e8-25d5-44a7-af8a-73194accccd3,pending,2026-01-31 22:03:22
0063302f-bb14-4e5d-9d29-7ceb2b1d3909,pending,2026-01-31 22:03:22
ec4de06f-cc91-481d-af69-02c8ed6c0d79,pending,2026-01-31 22:03:22
0f7ee08a-8b67-4fd5-95af-8faeaac91fb6,pending,2026-01-31 22:03:22
a7ddfbf8-55b2-46c6-b086-7061539823e8,pending,2026-01-31 22:03:22
0be13e52-4276-4077-b2dc-8945d11a6e16,pending,2026-01-31 22:03:22
bfdf187f-5357-490b-9d12-a6f23ed8f5fe,pending,2026-01-31 22:03:22
98b19f4f-ac3e-4b63-a216-8d33e11e8310,pending,2026-01-31 22:03:22
80aaa0ad-e44f-47c5-af03-4128e038dddd,pending,2026-01-31 22:03:22
e59904b9-60c3-49c0-803b-371bc595a5ca,pending,2026-01-31 22:03:22
f652afb9-56ed-4eca-ae3d-187212105aba,pending,2026-01-31 22:03:22
5faf28d4-a624-48c5-a7a0-7ca8bd041dfc,pending,2026-01-31 22:03:22
b55bef3a-d984-48ab-ae36-ade00da8f99e,pending,2026-01-31 22:03:22
18b349e6-6b96-45d7-a02c-ce4fc9d7b8dd,pending,2026-01-31 22:03:22
237fa06d-58b4-41c9-a953-3cfc2d7ae961,pending,2026-01-31 22:03:23
86d3bb57-5a3f-41af-b0e9-0ca9240cd0d9,pending,2026-01-31 22:03:23
2f12a9b9-52ae-414b-8e83-a2f566887bb1,pending,2026-01-31 22:03:23
8de337f8-c27f-41ce-818a-1429fd5d6cf7,pending,2026-01-31 22:03:23
506b6254-3fa3-4220-9e9b-137ca990edd1,pending,2026-01-31 22:03:23
ef22a567-7982-4711-b254-4aff6c66fae1,pending,2026-01-31 22:03:23
0b7af6b4-7db9-44ec-81e9-3d4aeb3927de,pending,2026-01-31 22:03:23
bc855624-93df-46af-8a36-5945ad5e32ae,pending,2026-01-31 22:03:23
3aab2994-2ed8-4b25-bbdc-fc06eeda86c0,pending,2026-01-31 22:03:23
5c50c67f-1dc0-4a56-af0a-2937c37c9303,pending,2026-01-31 22:03:23
d1c6e575-fa6d-46af-aa9d-55e41a51336e,pending,2026-01-31 22:03:23
2d2264a1-bda2-4f68-bc34-e48065a945d0,pending,2026-01-31 22:03:23
151515ea-1c85-4d6f-85f4-5334ea9a0ae7,pending,2026-01-31 22:03:23
d0ff34b5-9f74-42bb-afbe-473d6f2c009e,pending,2026-01-31 22:03:23
d841ae1a-4684-4096-81a8-1f2de832f8f3,pending,2026-01-31 22:03:24
62ab97cd-8b70-4d8f-b052-6c2ba1359c29,pending,2026-01-31 22:03:24
8c98d623-0e0b-4930-b6c0-fd183b6dd46a,pending,2026-01-31 22:03:24
2f53aa58-5417-483b-8ff9-3f540f533b77,pending,2026-01-31 22:03:24
37a78d3a-fbb3-4896-8a98-7ee639b4a21d,pending,2026-01-31 22:03:24
886e93a2-f48e-4051-8209-c74a95b508b9,pending,2026-01-31 22:03:24
b1147a3a-434d-4e4d-97b3-32d918ba194d,pending,2026-01-31 22:03:24
def43c6d-7624-4231-b847-2b8489318aaa,pending,2026-01-31 22:03:24
ed0c63c8-f038-48ab-95fc-372d8b83cb3e,pending,2026-01-31 22:03:24
9ef6d264-c203-43cd-8c0f-2adb380d4f5b,pending,2026-01-31 22:03:24
897b7bd0-d2b2-48a9-87b6-7bf4a5d095bf,pending,2026-01-31 22:03:24
52d9366a-0659-4a31-8310-4519a499975d,pending,2026-01-31 22:03:24
d4f2977b-8914-4324-86ac-4b0300881024,pending,2026-01-31 22:03:24
0a9dc624-73b4-473c-8cef-6996b25cf260,pending,2026-01-31 22:03:24
f9f1e32d-579c-4281-bdf0-5ad7889b5df8,pending,2026-01-31 22:03:25
5aa5228c-2a13-45a7-bbbb-0c67979ed5dc,pending,2026-01-31 22:03:25
4770a07c-4c37-4557-8f98-5c7fc638eaeb,pending,2026-01-31 22:03:25
7f3a04b6-9d3a-4438-9797-8a1c63b7ded6,pending,2026-01-31 22:03:25
d9565b38-2a3c-4fe0-9b06-861abd4f4815,pending,2026-01-31 22:03:25
b3c97b29-72b4-4627-a719-627fa8a6513c,pending,2026-01-31 22:03:25
f5add9b4-a04d-4835-b968-b9d484812114,pending,2026-01-31 22:03:25
cb854429-48ea-4514-b02c-b5c90b7336ba,pending,2026-01-31 22:03:25
